ID,Avg Initial Rate 5mgml,StdDev of Initial Rate 5mgml,Avg Initial Rate 0.05mgml,StdDev of Initial rate 0.05mgml
PC,,,67.425214,18.896794
F85L,,,54.217033,0.170113
K174E,39.688645,3.153978,8.099817,0.675853
G10L,35.521978,1.921812,7.142857,0.147124
M272N,37.408425,0.17471,6.57967,0.40919
K315D,40.718864,0.712634,6.556777,0.468959
V285Q,40.215201,2.478126,6.332418,0.354018
D329K,29.207875,1.190788,6.14011,2.772375
V162D,32.852564,2.753984,6.089744,2.133303
G298F,40.526557,0.225284,6.085165,3.002256
C217S,37.806777,4.418328,5.778388,1.618368
M204L,54.258242,1.01148,5.737179,0.216089
D282N,42.339744,1.301131,5.737179,0.887344
A268G,52.051282,2.160889,5.714286,1.462048
C86H,38.447802,0.298846,5.695971,1.526415
H109E,45.050366,3.029842,5.691392,0.399994
F87Y,39.317766,2.303416,5.686813,0.818379
C157A,40.228938,2.795363,5.663919,1.080444
E190R,42.898352,0.25287,5.590659,0.124136
A31V,42.568681,1.503427,5.581502,1.062054
G238F,37.559524,0.206894,5.453297,1.245959
E42K,35.673077,0.712634,5.434982,0.170113
R184K,43.658425,2.29422,5.416667,0.675853
S92V,33.809524,1.756297,5.407509,0.841367
I259G,26.978022,1.462048,5.389194,0.326432
C166R,34.253663,1.972386,5.370879,0.381604
F87G,59.358974,0.726427,5.352564,1.227569
K231R,34.166667,1.278143,5.311355,2.473528
F87D,40.421245,0.799989,5.224359,0.611486
S266G,40.247253,1.53561,5.14652,0.468959
S156E,44.601648,0.942515,5.128205,0.882746
E190L,27.619048,0.137929,5.105311,0.878148
L226G,35.737179,1.310326,5.068681,0.160917
A43D,38.777473,0.565509,5.004579,0.648267
D274L,33.237179,0.878148,4.990842,0.321835
L142Y,49.088828,0.234479,4.908425,1.094237
I98D,32.751832,1.006882,4.812271,0.832172
F87L,27.202381,1.172397,4.807692,0.919527
D282K,39.171245,1.632161,4.684066,0.280456
T41K,57.115385,0.956308,4.601648,0.105746
K174R,58.434066,0.698841,4.59707,1.397681
G293Y,40.302198,0.137929,4.565018,0.510338
K294W,46.112637,0.749415,4.487179,0.377006
M52Y,36.442308,1.025273,4.473443,0.344823
D329V,45.860806,0.717231,4.400183,0.399994
V104T,47.065018,0.354018,4.386447,0.275858
G7Y,42.820513,1.443658,4.381868,0.749415
V285E,38.768315,0.399994,4.290293,1.098835
H301Y,43.498168,4.88269,4.239927,1.572392
V197P,46.964286,0.243675,4.166667,0.036781
M204K,50.091575,1.811469,4.093407,0.560912
I98G,50.828755,0.804586,4.047619,0.441373
K311S,53.960623,0.574705,3.974359,0.091953
N289R,43.195971,0.312639,3.905678,1.687332
G7L,31.987179,0.147124,3.827839,0.956308
I77G,31.112637,0.91493,3.814103,0.032183
S92P,41.117216,0.386201,3.740842,0.105746
G167R,49.459707,0.625279,3.644689,1.039066
K174L,42.229853,0.068965,3.617216,0.422983
R256P,46.955128,0.620681,3.548535,0.436775
K311I,50.210623,1.636758,3.516484,0.937918
G167D,32.79304,0.027586,3.406593,2.225256
C217N,45.050366,1.328717,3.374542,0.09655
F85W,62.811355,0.147124,3.319597,0.703438
A152I,76.904762,1.296533,3.118132,1.705723
G167L,29.835165,1.701125,3.090659,0.740219
H301L,42.619048,1.158604,3.035714,1.494232
N289K,38.054029,0.685048,2.953297,0.997687
D24G,58.690476,1.131018,2.916667,0.262065
K320F,33.173077,4.795334,2.857143,2.032155
NC,39.366911,11.812409,2.692308,1.970778
E267G,57.339744,1.816066,2.591575,0.496545
Y198L,34.033883,1.558599,2.559524,0.399994
M134G,42.252747,3.153978,2.307692,0.616083
G103L,57.000916,0.068965,2.28022,0.266663
N183L,49.583333,0.786196,2.211538,0.40919
WT,66.011905,0.25287,2.188645,1.857445
M52F,41.240842,1.034468,2.179487,0.974699
G237F,60.265568,0.165515,2.165751,0.924125
P295L,42.083333,0.565509,2.147436,2.239049
H301G,47.362637,1.737906,2.115385,1.498829
N214L,35.045788,0.689645,2.014652,0.533326
I77Y,60.022894,0.960906,1.909341,0.519533
W177D,30.952381,1.664344,1.822344,1.048261
H66E,66.552198,0.510338,1.625458,0.850563
Y128F,38.232601,0.625279,1.6163,0.473557
L276A,32.129121,0.970101,1.602564,0.119539
I98L,53.035714,0.491947,1.593407,0.128734
N183K,49.267399,1.51722,1.446886,0.496545
L61P,71.955128,1.144811,1.32326,0.868953
G318R,31.932234,1.3609,1.263736,0.248272
A43G,51.799451,1.144811,1.204212,0.133331
Q158L,34.349817,0.137929,1.085165,0.721829
T258A,64.826007,0.983894,1.057692,0.822977
S156Q,45.032051,0.75861,0.828755,0.381604
M1G,53.64011,0.93332,0.778388,0.533326
M134L,56.6163,1.503427,0.586081,0.395397
G11Y,64.569597,1.645954,0.334249,1.154007
W177G,37.545788,2.308013,0.297619,0.399994
V162G,68.502747,0.059769,0.283883,0.422983
M1V,69.757326,0.547119,-0.430403,0.211491
G103D,42.5,1.112628,-0.512821,1.793078