ID,Expression
WT,High
V162G,High
V104T,High
T258A,High
R184K,High
P295L,High
N214L,High
M204K,High
M1V,High
L142Y,High
K311S,High
K174R,High
E267G,High
D282N,High
A31V,High
A268G,High
Y198L,Low
Y128F,Low
W177G,Low
V285E,Low
V197P,Low
V162D,Low
S92P,Low
S156Q,Low
R256P,Low
Q158L,Low
N289R,Low
N183L,Low
N183K,Low
M52Y,Low
M1G,Low
M134G,Low
K320F,Low
K315D,Low
K231R,Low
K174L,Low
I98G,Low
I77Y,Low
I77G,Low
I259G,Low
I98D,Low
H301L,Low
G7Y,Low
G7L,Low
G318R,Low
G293Y,Low
G238F,Low
G167L,Low
G167D,Low
G10L,Low
G103D,Low
F87L,Low
F87D,Low
E42K,Low
E190L,Low
D274L,Low
C86H,Low
C217S,Low
C157A,Low
A43D,Low
W177D,Medium
V285Q,Medium
T41K,Medium
S92V,Medium
S266G,Medium
S156E,Medium
N289K,Medium
M52F,Medium
M272N,Medium
M134L,Medium
L61P,Medium
L276A,Medium
L226G,Medium
K311I,Medium
K294W,Medium
K174E,Medium
I98L,Medium
H66E,Medium
H301Y,Medium
H301G,Medium
H109E,Medium
G298F,Medium
G237F,Medium
G167R,Medium
G11Y,Medium
G103L,Medium
F87Y,Medium
F87G,Medium
F85W,Medium
F85L,Medium
E190R,Medium
D329V,Medium
D329K,Medium
D282K,Medium
D24G,Medium
C217N,Medium
C166R,Medium
A43G,Medium
A152I,Medium